num,Latein,Endung,Deutsch,lernen
1,(bellum) gero,-is; -ere 3; gessi; gestum,(Krieg) führen,0
2,a/ab,6,"von ",0
3,abeo,"-is; -ire; abii; abitum        ",weggehen,0
4,"absens ",(m; f; n) absentis (2.f),abwesend,0
5,abstineo,-es; -ere; -ui 2; abstentum (+6),(sich) fernhalten (von),1
6,absum,abes; abesse; afui,abwesend sein,0
7,accido,-is; -ere 3; accidi; -,geschehen,1
8,accipio,-is; -ere M;  -cepi; -ceptum,erhalten; aufnehmen,0
9,accuso,-as; -are; -avi; -atum 1,anklagen,0
10,acer," acris; acre"," heftig",0
11,ad,4,zu; an; bei,0
12,addo,3 addidi; additum,hinzufügen,0
13,adduco,-is; -ere 3; -duxi; -ductum,hinführen; veranlassen,0
14,adductus," -a; -um",veranlasst,0
15,adeo,-is; adire; adii; aditum,"hingehen, sich wenden an, angreifen",0
16,adhuc,,bis jetzt; bisher,0
17,adiuvo,-as; -are 1; -iuvi; -iutum,unterstützen; helfen,0
18,admiror,1 admiratus sum,"bewundern, sich wundern",1
19,adspicio,M adspexi; adspectum,anschauen; betrachten,0
20,adsum,"-es; -esse; adfui; - ",da sein; anwesend sein,0
21,adulescens,adulescentis m,junger Mann,0
22,advenio,-is; -ire 4; -veni; -ventum,hinkommen; ankommen,0
23,adventus,-us m.,Ankunft,0
24,aedificium,-i; n,Gebäude,0
25,aedifico,-as; -are; -avi; -atum 1,erbauen,1
26,aestas,-atis f.,Sommer,0
27,aetas,-atis f.,"Alter, Zeitalter; Zeit",1
28,affero,-fers; -ferre; attuli; allatum,heranbringen,1
29,afficio,-is; -ere M; affeci; affectum,erfüllen; versehen (mit),1
30,ager,agri m,Feld;Gebiete,0
31,aggredior,M aggressus sum,angreifen,1
32,ago,-is; -ere 3; egi; actus,tun;verbringen,0
33,alienus,-a; -um,fremd,0
34,aliqui,"aliqua, aliquod",(irgend)ein,0
35,aliquis,aliquid,(irgend)jemand/etwas,0
36,alius,-a; -ud,ein anderer,0
37,alius - alius,,der eine - der andere,0
38,alter,altera; alterum,der andere,0
39,alter - alter,,der eine - der andere,0
40,altus,-a; -um,"hoch, tief",0
41,ambulo,-as; -are; -avi; -atum 1,gehen; spazieren,0
42,amica,-ae; f,Freundin,0
43,amicita,-ae f.,Freundschaft,1
44,amicus,-i; m,Freund,0
45,amitto,-is; -ere 3; amisi; amissum,verlieren,0
46,amo,-as; -are; -avi; -atum 1,lieben,0
47,amor,-oris m.,Liebe,0
48,animadverto,-is; -ere 3; -ti; -versum,bemerken,0
49,animal,animalis n (i-Dekl.),Tier,0
50,animus,-i; m,"Sinn; Geist, Mut",0
51,annus,-i; m,Jahr,0
52,ante,4,vor,0
53,antea,,vorher,0
54,antiquus,-a; -um,alt,0
55,aperio,-is; -ire 4; aperui; apertum,öffnen,0
56,Apollo,-inis m.,Apoll,0
57,appareo,-es; -ere; -ui; - 2,erscheinen,0
58,appello,-as; -are; -avi; -atum 1,"nennen, rufen",0
59,appropinquo,-as; -are; -avi; -atum 1,sich nähern,0
60,apud,4,bei,0
61,aqua,-ae; f,Wasser,0
62,arbitror,1 arbitratus sum,glauben,0
63,arbor,-oris f.,Baum,0
64,ardeo,-es; -ere 2; arsi; (arsurus),brennen,0
65,argentum,-i n.,Silber,0
66,arma,orum n.,Waffen,0
67,ars,artis f,Kunst,0
68,artificium,-i n.,Kunstwerk,0
69,arx,arcis f,Burg,0
70,ascendo,-is; -ere 3; -cendi; -censum,besteigen; hinaufsteigen,0
71,at,,aber,0
72,atque(=ac),,und,0
73,atrox,atrocis (2.F),grausam; wild,0
74,auctoritas,-atis f.,Ansehen,0
75,audeo,-es; audere 2; ausus sum,wagen,0
76,audeo,2 ausus sum,wagen,0
77,audio,-is; -ire; -ivi; -itum 4,hören,0
78,aufero,-fers; -ferre; abstuli; -latum,wegtragen; wegnehmen,0
79,augeo,-es; -ere 2; auxi; auctum,vergrößern,0
80,auris,-is f.,Ohr,0
81,aurum,-i n.,Gold,0
82,aut,,oder,0
83,aut - aut,,entweder - oder,0
84,autem,,aber,0
85,auxilium,-i; n,Hilfe,0
86,ave!,,sei gegrüßt!,0
87,beatus,-a; -um,glücklich,0
88,bellum,-i n.,Krieg,0
89,bene,,gut,0
90,beneficium,-i n.,Wohltat,0
91,bibo,-is; -ere 3; bibi; -,trinken,0
92,bonus,-a; -um,gut,0
93,brevis," -e",kurz,0
94,C. Iulius Caesar,Iulii Caesaris,Gaius Julius Cäsar,0
95,cado,-is; -ere 3; cecidi; -,fallen,0
96,caedes,-is f.,Ermordung; Mord,0
97,caedo,-is; -ere 3; cecidi; caesum,töten,0
98,caelum,-i n.,Himmel,0
99,campus,-i m.,Feld,0
100,canis,canis m,Hund,0
101,cano," -is; -ere; cecini 3",singen,0
102,capio,-is; -ere M; cepi; captum,fassen; ergreifen; fangen,0
103,capitis damnare,,zum Tode verurteilen,0
104,caput,capitis n,Kopf,0
105,careo,-es; -ere 2 (+Abl.); carui,frei sein (von); entbehren,0
106,carmen,carminis n,Lied,0
107,castra,-orum n.,Lager,0
108,casus,casus m,"Fall, Zufall",0
109,causa,-ae f.,Fall,0
110,causa,nach Genetiv,"wegen, um zu",0
111,cedo,-is; -ere 3; cessi; -um,weichen; weggehen,0
112,celebro,-as ;-are ;-avi ;-atum 1,feiern,0
113,celer,,schnell,0
114,cena,ae f,Mahl; Mahlzeit,0
115,censeo,2 censui; censum,schützen; meinen,0
116,certe,,sicherlich,0
117,certo,-as; -are; -avi; -atum 1,streiten; wetteifern,0
118,certus,-a; -um,"sicher, bestimmt",0
119,ceteri,-ae; -a (Pl.),die übrigen,0
120,Christiani,-orum; m,die Christen,0
121,cibus,-i m.,Speise; Nahrung,0
122,circumvenio,-is; -ire 4; -veni; -ventum,umzingeln,0
123,civilis,/e,bürgerlich,0
124,civis,-is m.,Bürger,0
125,civitas,-atis f.,"Stamm, Gemeinde, Staat",0
126,clades,-is f.,Niederlage,0
127,clam,,heimlich,0
128,clamo,-as; -are; -avi; -atum 1,schreien,0
129,clamor,clamoris m,Geschrei; Lärm,0
130,clarus,-a; -um,berühmt,0
131,classis,-is f.,Flotte,0
132,claudo,-is; -ere 3; -si; -sum,einschließen,0
133,cogito,-as; -are; -avi; -atum 1,denken,0
134,cognosco,-is; -ere 3; -gnovi; -gnitum,erkennen;erfahren,0
135,cogo,-is; -ere 3; coegi; coactum,"(ver)sammeln, zwingen",0
136,comes," -itis m",Begleiter,0
137,committo,-is; -ere 3; -misi; -missum,begehen; beginnen,0
138,commodum,i n,Vorteil,0
139,commoveo,-es; -ere 2; movi; motum,(heftig) bewegen; veranlassen,0
140,complures,(m+f) complura (n),mehrere,0
141,comprehendo,-is;-ere 3;-ndi;-prehensum,"ergreifen, erfassen (auch geistig)",0
142,concedo,3 concessi; concessum,erlauben,0
143,concilium,-i n.,Versammlung,0
144,condicio,condicionis f,Bedingung,0
145,condo 3,-didi; -ditum,gründen,0
146,confero,-fers; -ferre; -tuli; collatum,"zusammentragen, vergleichen",0
147,conficio,-is;-ere M; -feci; -fectum,ausführen ; beenden,0
148,confido,3 confisus sum,vertrauen,0
149,coniungo,-is; -ere 3; -iunxi; -iunctum,verbinden,0
150,conor,1 conatus sum,versuchen,0
151,consido,-is; -ere 3; -sedi; -sessum,sich niedersetzen,0
152,consilium,-i n.,"Plan; Beschluss, Rat",0
153,conspicio,-is; -ere M; -spexi; -spectum,erblicken,0
154,constat,"constitit (+ AcI) ",es steht fest (;dass),0
155,constituo,-is; -ere 3; -ui; -tum,beschließen; festsetzen,0
156,consul,-lis m.,Konsul,0
157,consulo,-is; -ere 3; -sului; -sultum,befragen,0
158,consumo,-is; -ere 3; -sumpsi; -sumptum,"vernichten, verbrauchen",0
159,contendo,-is; -ere 3; -tendi; -tentum,"eilen, kämpfen",0
160,contineo,-es; -ere; -ui 2; contentum,zusammenhalten,0
161,contra,Präposition + 4,gegen,0
162,controversia,-ae f.,Auseinandersetzung,0
163,convenio,-is; ire 4; veni; -tum,zusammenkommen,0
164,copia,-ae; f,Menge; Vorrat,0
165,copiae,copiarum f (Pl.),Truppen,0
166,corpus,corporis n,Körper,0
167,"cottidie ",Adv.,täglich,0
168,credo,-is -ere 3; -didi; -ditum,glauben,0
169,cresco,3 crevi; cretum,wachsen,0
170,crimen,-inis; n,Verbrechen,0
171,crudelis," -e",grausam,0
172,crux,crucis f,Kreuz,0
173,culpa,-ae f.,Schuld,0
174,cultus,-us; m,Verehrung,0
175,cum,6,mit,0
176,cum,Konjunktion,wenn; sooft; als,0
177,"cum ",(+Konj.),"als; nachdem, weil, obwohl",0
178,cuncti,-ae; -a,"alle, alles (n)",0
179,cupiditas,cupiditatis f,Begierde;Gier,0
180,"cupidus ",(+ Gen),gierig (nach),0
181,cupio,is; -ere M; -ivi; -itum,begehren,0
182,cur?,,warum?,0
183,cura,curae f,Sorge,0
184,curro,3; cucurri; cursum,laufen,0
185,cursus,-us m.,Lauf; Kurs; Bahn,0
186,custos,-odis m.,Wächter,0
187,damno,1 -avi ;-atum,verurteilen,0
188,de,6,von (..herab); über,0
189,dea,-ae; f,Göttin,0
190,debeo,-es; -ere; -ui; -itum 2 (+ Inf),müssen,0
191,decerno,-is; -ere 3; -crevi; -cretum,beschließen,0
192,defendo,-is; -ere 3; -endi; -ensum,verteidigen,0
193,deinde,,dann,0
194,delecto,-as; -are; -avi; -atum 1,erfreuen,0
195,deleo,-es; delere 2; delevi; deletum,zerstören,0
196,deligo,-is; -ere 3; -legi; -lectus,auswählen,0
197,demonstro,1 -avi ;-atum,zeigen,0
198,denique,Adverb,schließlich,0
199,"dens ",dentis m,Zahn,0
200,depono,-is; -ere 3; -posui; -positum,ablegen,0
201,desino,-is -ere 3; desii; desitum,aufhören; ablassen,0
202,desum,-es; -esse; deesse; defui,fehlen,0
203,deus,-i; m,Gott,0
204,di = dei,1. Fall; Pl.; m,die Götter,0
205,dicitur,(+Inf),er/sie soll angeblich,0
206,dico,-is; -ere 3; dixi; dictum,sagen,0
207,dictator,-oris m.,Diktator,0
208,dies,diei m,Tag,0
209,difficilis," -e",schwierig,0
210,dignus,3,würdig,0
211,diligens,(m f n); diligentis (2.F),sorgfältig; genau,0
212,diligentia,-ae f.,Sorgfalt,0
213,dis = deis,3./6. Fall; Pl.; m,den Göttern,0
214,discipula,-ae; f,Schülerin,0
215,discipulus,-i; m,Schüler,0
216,disco,-is; -ere 3; didici; -,lernen,0
217,discordia,-ae f.,Zwietracht; Streit,0
218,disputo,1 -avi; -atum,erörtern; diskutieren,0
219,diu,,lange,0
220,dives,(m;f;n); divitis (2.f),reich,0
221,divido,"-is; -ere 3 divisi; divisum ",trennen; teilen,0
222,divinus,-a; -um,göttlich,0
223,divitae,-arum f.,Reichtum,0
224,do,-as; -are 1; dedi; datum,geben,0
225,doceo,-es; -ere; docui 2; doctum,lehren,0
226,doleo,-es; -ere; dolui; - 2,trauern,0
227,dolor,doloris m,Schmerz,0
228,domi,,zu Hause,0
229,dominus,-i; m,Herr,0
230,domum,,nach Hause,0
231,domus,domus f,Haus,0
232,dono 1,-as; -are; -avi; -atum 1,schenken,0
233,donum,-i n.,Geschenk,0
234,dormio,-is; -ire; -ivi; -itum 4,schlafen,0
235,dubito,-as; -are; -avi; -atum 1,zögern; zweifeln,0
236,dubium,-i,Zweifel,0
237,duco,-is; decere 3; duxi; ductum,führen,0
238,dulcis,/e,süß,0
239,dum, ,während,0
240,duo,duae; duo,zwei,0
241,duo,duae; duo,zwei,0
242,duodecim,,zwölf,0
243,dux,ducis m,Führer; Feldherr,0
244,e/ex,6,aus; von,0
245,ecce,,siehe!,0
246,efficio,M effeci; effectum,bewirken,0
247,ego/tu,,ich / du,0
248,eius,,dessen m/deren f,0
249,eiusmodi,Genetiv!,Derartig,0
250,enim (nachgestellt),,nämlich; denn,0
251,eo,is; ire; ii; itum,gehen,0
252,eo,Adv.,Dorthin,0
253,eorum,,deren,0
254,epistula,-ae,Brief,0
255,eques,-itis,Reiter,0
256,equus,-i,Pferd,0
257,ergo,,also; folglich; daher,0
258,eripio,M eripui; ereptum,entreißen,0
259,erro,-as ;-are ;-avi ;-atum 1,sich irren,0
260,et,,und,0
261,et - et,,sowohl / als auch,0
262,etiam,,auch; sogar,0
263,etsi,,wenn auch; obwohl,0
264,exemplum,-i,Beispiel,0
265,exeo,-is; exire; exii; exitum,hinausgehen,0
266,exerceo,-es; -ere; -ui; exercitum 2,trainieren,0
267,exercitus,exercitus m,Heer,0
268,exilium,exilii n,Exil; Verbannung,0
269,exitus,-us; m,Ausgang,0
270,expello,-is; -ere 3; -puli; -pulsum,"vertreiben, verjagen",0
271,experior,4 expertus sum,erproben; versuchen,0
272,exploro,1; -avi; -atum,ausforschen; erforschen,0
273,expugno,-as; -are; -avi; -atum 1,erobern,0
274,exspecto,-as; -are; -avi; -atum 1,erwarten,0
275,extra,(+ Akk),außerhalb (von),0
276,extremus,-a; -um,"äußerster, letzter",0
277,fabula,-ae,Erzählung; Geschichte,0
278,facilis,-e,leicht,0
279,facinus,-oris,Untat,0
280,facio,-is; -ere M; feci; factum,tun; machen,0
281,facio (+ 2x Akk.),-is; -ere M; feci; factum,zu etwas machen,0
282,factum,-i,Tat,0
283,falsus,-a; -um,FALSCH,0
284,fama,-ae; f,"Gerücht, Ruf",0
285,fames,-is,Hunger,0
286,familia,-ae,Familie,0
287,faveo,-es; -ere 2; favi ;fautum,begünstigen,0
288,felix,felicis,glücklich; erfolgreich,0
289,femina,-ae; f,Frau,0
290,fere,ungefähr,,0
291,fero,fers; ferre; tuli; latum,"tragen, bringen, ertragen",0
292,fessus,-a; -um,erschöpft,0
293,fides,-ei,Treue; Vertrauen,0
294,filia,-ae; f,Tochter,0
295,filius,filii; m,Sohn,0
296,fines,#NAME?,Grenzen,0
297,finio,"4 -ivi ;-itum        ",beenden,0
298,finis,-is,Grenze; Ende,0
299,fio,fis; fieri; factus sum,(gemacht) werden; geschehen,0
300,firmus,-a; -um,stark,0
301,flamma,-ae,Flamme,0
302,fleo,fles; flere 2; flevi; fletum,weinen,0
303,flumen,fluminis n,Fluss,0
304,"fons ",fontis m,Quelle,0
305,fore,futurum esse,sein werden,0
306,forma,-ae,Gestalt; Schönheit,0
307,forte,(Adv.),zufällig,0
308,fortis," -e",tapfer,0
309,fortitudo,-inis,Tapferkeit,0
310,fortuna,-ae,Glück; Schicksal,0
311,forum,-i; n,Marktplatz,0
312,frater,fratris m,Bruder,0
313,frons,frontis; f,Stirn,0
314,frumentum,frumenti n,Getreide,0
315,fruor,3 fruiturus; + Abl.,genießen,0
316,frustra,,vergeblich,0
317,fuga,-ae; f,Flucht,0
318,fugio,-is; fugere M; fugi,flüchten,0
319,fungor,3 functus sum + Abl.,verrichten; erfüllen,0
320,futurus,-a; -um,zukünftig,0
321,Galli,Gallorum m,die Gallier (=Kelten),0
322,Gallia,Galliae f,Gallien,0
323,gaudeo,-es; -ere,sich freuen,0
324,gaudeo,2 gavisus sum + Abl.,sich freuen über,0
325,gaudium,-i; n,Freude,0
326,gens,gentis (f),Volk,0
327,genus,generis n,"Geschlecht, Art",0
328,Germania,-ae,"Deutschland, Germanien",0
329,Germanicus,-a; -um,"deutsch, germanisch",0
330,gladiator,gladiatoris m,Gladiator,0
331,gladius,-i; m,Schwert,0
332,gloria,-ae f.,Ruhm; Ehre,0
333,Graeci,-orum; m; Pl.,die Griechen,0
334,Graecia,-ae f.,Griechenland,0
335,Graecus,-a; -um,griechisch,0
336,gratia,-ae; f,Dank,0
337,gratias agere,,danken,0
338,gratus,-a; -um,"lieb; angenehm, dankbar",0
339,habeo,-es; -ere; -ui; -itum 2,haben,0
340,habeo,2; -ui; -itum (+ dopp. Akk.),halten für,0
341,habeo te amicum,,ich halte dich für einen Freund,0
342,habito,-as; -are; -avi; -atum 1,wohnen,0
343,haudquaquam,,keineswegs,0
344,hic; haec; hoc,,dieser; diese; dieses,0
345,hiems,hiemis f,Winter,0
346,hodie,,heute,0
347,homo,hominis m,Mensch,0
348,honestus,-a; -um,ehrenhaft; ehrenvoll,0
349,honor,honoris m,Ehre,0
350,hora,-ae f.,Stunde,0
351,hortor,-aris; hortari; hortatus sum 1,auffordern; ermuntern,0
352,hostis,hostis m,Feind,0
353,humanus,-a; -um,menschlich,0
354,iacio,-is; -ere M; ieci; iactum,werfen,0
355,iam,,schon,0
356,ibi,,dort,0
357,idem,eadem;idem,der-/die-/dasselbe,0
358,igitur,,daher; also,0
359,ignis,-is; m,Feuer,0
360,ignoro,1 -avi;-atum,nicht wissen; nicht kennen,0
361,ignotus,-a; -um,unbekannt,0
362,ille; illa; illud,,jener; jene; jenes,0
363,immortalis,-e,unsterblich,0
364,imperator,imperatoris m,"Feldherr, Kaiser",0
365,imperium,-i,"Befehl, Herrschaft, Reich",0
366,impero,,befehlen,0
367,improbus,-us; -a; -um,ruchlos; schlecht; böse,0
368,in,+ 6 (aufdie Frage: wo?),in; auf,0
369,in,+ 4 (auf Frage: wohin?),"in; nach, gegen",0
370,in animo habere,,vorhaben; im Sinne haben,0
371,in m. ducere,,heiraten,0
372,in memoriam,(+ Genetiv),zur Erinnerung (an),0
373,incendo,-is; -ere 3; -cendi; -censum,anzünden,0
374,incipio,-is; -ere M; coepi; coeptum,beginnen,0
375,includo,-is;-ere 3; -si ;-sum,einschließen,0
376,incola,-ae f.,Bewohner; Einwohner,0
377,incolo,3 incolui; incultum,bewohnen,0
378,inde,,"von da an,von dort",0
379,ineo,-is; -ire; inii; initum,hineingehen; betreten,0
380,ingenium,-i n.,"Geist, Talent",0
381,ingens,(m/f/n); -tis (2. f),riesig; gewaltig,0
382,inimicus,-a ;-um,feindlich (gesinnt),0
383,initium,-i n.,Anfang,0
384,iniuria,-ae f.,Unrecht,0
385,inquit,,er/sie/es sagt,0
386,insula,insulae f,Insel,0
387,intellego,-is; -ere 3; -lexi; -lectum,erkennen; einsehen,0
388,inter,4,zwischen,0
389,interea,,inzwischen,0
390,intereo,-is; -ire; interii; interitum,"sterben, untergehen",0
391,interficio,-is; -ere M; -feci; fectum,töten,0
392,interim,,inzwischen,0
393,interrogo,-as; -are; -avi; -atum 1,fragen,0
394,intersum,-es; -esse; -fui; -,beiwohnen,0
395,intra,4,innerhalb,0
396,intro,-as; -are; -avi; -atum 1,eintreten,0
397,invenio,-is; -ire 4; -veni; -ventum,finden; erfinden,0
398,invidia,-ae f.,Neid,0
399,invito,-as; -are; -avi; -atum 1,einladen,0
400,invitus,-a; -um,unwillig; gegen den Willen,0
401,ipse,ipsa; ipsum,selbst,0
402,ira,-ae f.,Zorn,0
403,iratus,-a; -um,erzürnt; zornig,0
404,is,ea; id,dieser; -e; -es,0
405,iste,-a; -ud,dieser; -e; -es (da),0
406,ita,,so,0
407,itaque,,deshalb; daher,0
408,"iter  ",itineris n,Weg;Reise,0
409,iter facere,,reisen;marschieren,0
410,iterum,,wieder(um),0
411,iubeo,-es; iubere 2; iussi (+ Akk.),"befehlen, lassen (+ Inf)",0
412,iudex,-icis,Richter,0
413,iudicium,iudicii n,"Urteil, Meinung",0
414,iudico,-as; -are; -avi; -atum 1,urteilen; richten,0
415,iungo,-is; -ere 3; iunxi; iunctum,verbinden,0
416,Iuno,Iunonis f,Juno,0
417,Iuppiter,Iovis m,Jupiter,0
418,ius,iuris n,Recht,0
419,iussu,,aufBefehl,0
420,iussum,iussi n,Befehl,0
421,iustitia,-ae f.,Gerechtigkeit,0
422,iustus,-a; -um,gerecht,0
423,iuvenis,iuvenis m,junger Mann,0
424,iuvo,-as; -are 1; iuvi; iutum,unterstützen,0
425,labor,-oris m.,Arbeit; Mühe,0
426,laboro,-as; -are; -avi; -atum 1,arbeiten,0
427,lacrima,"-ae; f ",Träne,0
428,laedo,-is; -ere 3; laesi; laesum,verletzen,0
429,laetus,-a; -um,froh,0
430,Latinus,-a; -um,lateinisch,0
431,latus," -a; -um",weit;breit,0
432,laudo,-as; -are; -avi; -atum 1,loben,0
433,legatio,-onis f.,Gesandtschaft,0
434,legatus,-i .m,Gesandter,0
435,legio,-onis f.,Legion (600 bis 4000 Mann),0
436,lego,-is; -ere 3; legi; lectum,lesen,0
437,lex,legis f.,"Gesetz ",0
438,libenter,,gern,0
439,liber,libera; liberum,frei,0
440,liberi,-orum; m,Kinder,0
441,libero,-as; -are; -avi; -atum 1 (+ 6),befreien (von),0
442,libertas,-atis f.,Freiheit,0
443,licet,(nur 3.P.Sg.),es ist erlaubt,0
444,lingua,-ae; f,Zunge; Sprache,0
445,littera,-ae f.,"Buchstabe, Pl: Wissenschaft, Brief",0
446,litus,litoris n,Küste,0
447,loca,-orum n (Pl. zu locus; -i m),Gegend,0
448,locus,loci m,Ort/Stelle,0
449,longus,-a; -um,lang,0
450,loquor,-eris; loqui 3; locutus sum,sprechen,0
451,ludo,-is; -ere 3; lusi; lusum,spielen,0
452,lumen,-inis n.,Licht,0
453,lux,lucis f,Licht,0
454,magis,,mehr,0
455,magister,magistri; m,Lehrer,0
456,magistratus,-us m.,Beamter,0
457,magnificus,-a; -um,großartig,0
458,magnitudo,-inis; f,Größe,0
459,magnus,-a; -um,groß,0
460,maiores,-um m.,Vorfahren,0
461,malum,-i n.,übel; Unheil,0
462,malus,-a; -um,schlecht,0
463,mando,-as; -are; -avi; -atum 1,anvertrauen,0
464,maneo,-es; -ere 2; mansi; mansum,bleiben,0
465,manus,manus f,Hand,0
466,mare,maris n,Meer,0
467,maritus,-i m.,Gatte; Ehemann,0
468,mater,tris f.,Mutter,0
469,matrimonium,-i n.,Ehe,0
470,maximus,-a; -um,der größte,0
471,me / te / se,(Akkusativ),mich / dich / sich,0
472,medio in labyrintho,,mitten im Labyrinth,0
473,medius,-a;-um,"der mittlere, in der Mitte",0
474,melior,melior; melius,besser,0
475,memini,meminisse (+ Gen),sich erinnern an,0
476,memini,(Perfekt),ich erinnere mich (Präsens!),0
477,memoria,-ae f.,Erinnerung,0
478,mens,mentis f,Vernunft; Geist,0
479,mensis,-is m.,Monat,0
480,meridies,meridiei m,Mittag,0
481,metuo,-is; -ere; metui; -,fürchten,0
482,metus,metus m,Furcht; Angst,0
483,meus,-a; -um,mein,0
484,mihi / tibi / sibi,(Dativ),mir / dir / sich,0
485,mihi gaudio est,,es bereitet mir Freude,0
486,mihi persuasum est,,ich bin überzeugt,0
487,miles,militis m,Soldat,0
488,militaris,-e,militärisch; Militär-,0
489,minime,,keineswegs,0
490,minus,Adv.,Weniger,0
491,miraculum,-i; n,"Wunder ",0
492,miser,-era; -erum,arm;elend,0
493,misericordia,-ae f.,Mitleid,0
494,mitto,-is; -ere 3; misi; missum,schicken,0
495,moenia,ium n.,Mauern,0
496,moneo,-es; -ere; -ui; -itum 2,ermahnen,0
497,mons,montis m,Berg,0
498,monstro,-as; -are; -avi; -atum 1,zeigen,0
499,monumentum,-i n.,Denkmal,0
500,morior,moreris; mori; mortuus sum M,sterben,0
501,mors,mortis f.,Tod,0
502,mortuus,us;-a; -um,tot; gestorben,0
503,mos,moris m.,Sitte; Art,0
504,moveo,-es; -ere 2; movi; motum,bewegen,0
505,mox,,bald,0
506,mulier,-eris f.,Frau,0
507,multi,-ae; -a,viele,0
508,multitudo,multitudinis f,Menge,0
509,multo,(beim Komparativ),viel; um viel(es),0
510,multum,n Sg,viel,0
511,"mundus ",-i; m,Welt,0
512,muto,1 -avi -atum,verändern; verwandeln,0
513,nam,,denn,0
514,narro,-as; -are; -avi; -atum 1,erzählen,0
515,nascor,3 natus sum,geboren werden,0
516,natio,nationis f,Volk,0
517,natura,-ae f,Natur,0
518,natus," -a; -um",geboren;abstammend,0
519,nauta,-ae m.,Seemann,0
520,navigo,-as; -are; -avi; -atum 1,segeln,0
521,navis,navis f,Schiff,0
522,ne,(beim Konjunktiv im HS),nicht,0
523,ne,nach Verben des Fürchtens,dass,0
524,-ne,,Fragepartikel (unübersetzt),0
525,"ne ",(+Konj.),dass nicht; damit nicht,0
526,ne ... quidem,,nicht einmal ...,0
527,ne quis/ne quid, ,dass (damit) niemand/nichts,0
528,necesse est,,es ist notwendig,0
529,neco,-as; -are; -avi; -atum 1,töten,0
530,neglego,-is; -ere 3; -xi; -ctum,missachten,0
531,neglego,-is; -ere 3; -xi; -ctum,"ignorieren, vernachlässigen",0
532,nego,1 -avi;-atum,verweigern; verneinen,0
533,nemo,,niemand,0
534,neque,(=nec),und nicht,0
535,neque - neque, ,weder - noch,0
536,nescio,4 nescivi; nescitum,nicht wissen,0
537,nihil,,nichts,0
538,nihil nisi,,nichts außer; nur,0
539,nisi,,wenn nicht,0
540,nobilis," -e",vornehm;adelig,0
541,nobilitas,nobilitatis f,Adel,0
542,nobis/vobis,(Dativ),uns / euch,0
543,nobiscum/vobiscum,,mit uns / euch,0
544,noctu,Adv.,nachts,0
545,nolo,non vis; nolle; nolui; -,nicht wollen,0
546,nomen,nominis n,Name,0
547,non,,nicht,0
548,non iam,,nicht mehr,0
549,non solum - sed etiam,,nicht nur - sondern auch,0
550,nonne?,,nicht?,0
551,nonnulli,-ae; -a,einige,0
552,nonnumquam,,manchmal,0
553,nos/vos,(Nominativ + Akkusativ),"wir, uns / ihr, euch",0
554,nosco,3 novi; notum,"kennen lernen, Pf: kennen",0
555,noster,-tra; -trum,unser; unsere,0
556,notus,-a; -um,bekannt,0
557,novus,-a; -um,neu,0
558,nox,noctis f,Nacht,0
559,nudus,-a; -um,nackt,0
560,nullus,"-a; -um (2: -ius, 3: -i)",kein,0
561,num,im Nebensatz,ob,0
562,num?,,etwa?,0
563,numerus,-i; m,Zahl; Anzahl,0
564,numquam,,niemals,0
565,nunc,,jetzt; nun,0
566,nuntio,-as ;-are ;-avi ;-atum 1,melden,0
567,nuntius,-i m.,"Bote, Nachricht",0
568,nuper,,neulich; vor kurzem,0
569,ob, ,wegen,0
570,obses,obsidis n,Geisel,0
571,obtineo,-es; -ere; -nui 2; -tentum,innehaben,0
572,obviam,,entgegen,0
573,occasio,-onis f.,Gelegenheit,0
574,occido,-is; -ere 3; occidi; occisum,töten,0
575,occupo,-as; -are; -avi; -atum 1,besetzen,0
576,oculus,-i; m,Auge,0
577,odi,odisti; odisse (Perfekt),hassen,0
578,odium,-i n.,Hass,0
579,officium,-i; n,Pflicht; Dienst,0
580,olim,,einst,0
581,omnis,/e,Sg.: jeder; ganz,0
582,opera,-ae f.,jeder;ganz Pl: alle,0
583,operam dare,,sich bemühen,0
584,opes,-um f.,Reichtum; Schütze,0
585,oppidum,-i; n,Stadt,0
586,oppugno,-as; -are; -avi; -atum 1,bestürmen; belagern,0
587,ops,opis f,Hilfe,0
588,opto,1 -avi;-atum,wünschen,0
589,opus,-eris n.,Werk,0
590,oraculum,-i n.,Orakel,0
591,oratio,-onis f.,Rede,0
592,orator,-oris m.,Redner,0
593,orior,oreris; oriri; ortus sum,aufgehen; entstehen,0
594,orno,-as; -are; -avi; -atum 1,schmücken,0
595,oro,as; -are; -avi ;-atum (+ Akk.),"(um etwas) bitten, beten",0
596,os,oris n,Mund; Gesicht,0
597,ostendo,3 ostendi; ostentum,zeigen,0
598,otium,otii; n,Muße; Freizeit,0
599,paene,Adverb,fast; beinahe,0
600,panis,-is m.,Brot,0
601,paratus,-a;-um,bereit,0
602,parentes,parentum m,Eltern,0
603,pareo,-es; -ere; -ui; (-iturus) 2,gehorchen,0
604,pareo,-es; -ere; -ui; - 2,gehorchen,0
605,paro,-as; -are; -avi; -atum 1,bereiten; erwerben,0
606,pars,partis f,Teil,0
607,parvus,-a; -um,klein,0
608,pater,patris m,Vater,0
609,patior,-eris; pati; passus sum M,ertragen;erdulden,0
610,patre absente,,in Abwesenheit des Vaters,0
611,patria,patriae f,Heimat,0
612,pauci,-ae; -a (Pl.),"wenige (m+f), alles (n)",0
613,paulo post,,wenig später,0
614,pauper,pauperis,arm,0
615,pax,pacis f,Friede,0
616,pecunia,-ae f.,Geld,0
617,pello,-is; -ere 3; pepuli; pulsum,schlagen; stoßen,0
618,pensum,-i; n,Aufgabe,0
619,per,4,durch,0
620,perfero,-ferre; pertuli; perlatum,(er)tragen,0
621,periculum,periculi n,Gefahr,0
622,permitto,3 permisi; permissum,erlauben,0
623,perpetuus,-a; -um,ununterbrochen,0
624,persuadeo,-es; -ere 2; -suasi; -um (+3),überreden; überzeugen,0
625,persuadeo tibi,+ Dativ!,Ich überrede dich,0
626,pervenio,-is; -ire 4; -veni; -ventum,kommen; gelangen,0
627,pes,pedis m,Fuß,0
628,petere a,(+ Abl.),jemanden bitten,0
629,peto,-is; -ere ;3 -ivi; -tum,aufsuchen; anstreben,0
630,philosophus,-i m.,Philosoph,0
631,pietas,-atis f.,Pflichtgefühl; Frömmigkeit,0
632,Pl.: omnes,omnia (2.f omnium),"alle (m+f), alles (n)",0
633,pl.: vires; virium,,Kräfte,0
634,placeo,-es; -ere; -ui; -itum 2,gefallen,0
635,plebs,plebis f,niedriges Volk,0
636,plenus,-a; -um (+ Gen),voll (mit),0
637,plurimi,-ae; -a,die meisten; das meiste (n),0
638,poena,-ae f.,Strafe,0
639,poenas solvere,(= Strafe zahlen),büßen,0
640,poeta,-ae; m,Dichter,0
641,polliceor,2 pollicitus sum,versprechen,0
642,pono,-is; -ere 3;posui; -itum,setzen; legen; stellen,0
643,pons,pontis m,Brücke,0
644,populus,-i m.,Volk,0
645,porta,portae f,Tor; Tür,0
646,porto,-as;- are; -avi; -atum 1,tragen; bringen,0
647,portus,-us m.,Hafen,0
648,possideo,-es; -ere 2; possedi; possessum,besitzen,0
649,possum,potes; posse; potui; -,können,0
650,post,4,nach; hinter,0
651,post,(nach Ablativ),später,0
652,postea,Adv.,"später, danach",0
653,posterus,-a; -um,folgend,0
654,postquam,mit Perfekt,nachdem,0
655,postremo,,schließlich,0
656,postulo,-as; -are; -avi; -atum 1,fordern,0
657,"potens ",(m; f; n) potentis (2.f),mächtig,0
658,potestas,-atis f.,Macht,0
659,prae,6,vor,0
660,praebeo,-es; -ere; -ui; -itum 2,(an)bieten,0
661,praemium,-i n.,Belohnung; Preis,0
662,praeter,4,außer,0
663,praeterea,,außerdem,0
664,preces,precum f (Pl.),Bitten,0
665,premo,-is; -ere 3; pressi; pressum,drücken; bedrängen,0
666,primo,,zuerst,0
667,primus,-a; -um,der erste,0
668,prior,(m+f); prius (n),der/die/das frühere,0
669,priusquam,,bevor,0
670,privatus,-a; -um,privat,0
671,pro,6,für,0
672,proelium,-i n.,Schlacht,0
673,proficiscor,3 profectus sum,aufbrechen,0
674,prohibeo,-es; -are; -ui; -itum 2,abhalten; (ver)hindern,0
675,promitto,-is; -ere 3; -misi; -missum,versprechen,0
676,prope,(+ Akk),nahe bei,0
677,propero,-as; -are; -avi; -atum 1,eilen,0
678,propter, ,wegen,0
679,prosum,prodes; prodesse; profui,nützen,0
680,provincia,-ae f.,Provinz,0
681,proximus,-a; -um,der nächste,0
682,prudens,"(m/f/n) , prudentis (2.F)",klug,0
683,prudentia,-ae f.,Klugheit,0
684,publicus,-a; -um,öffentlich,0
685,puella,-ae; f,Mädchen,0
686,puer,-i; m,Bub,0
687,pugna,pugnae f,Schlacht,0
688,pugno,-as; -are; -avi; -atum 1,kämpfen,0
689,pulcher,-chra; -chrum,schön,0
690,pulchritudo,pulchritudinis f,Schönheit,0
691,punio,-is; -ire; -ivi; -itum 4,bestrafen,0
692,puto,-as; -are; -avi; -atum 1,glauben,0
693,qua de causa,,deshalb,0
694,quaero,-is; -ere 3; quaesivi; quaesitum,"suchen, (+ex/a) fragen",0
695,qualis,/e,wie (beschaffen); welch,0
696,quam,,wie,0
697,quam,nach d. Komperativ,als,0
698,"quam ",(vor Superlativ),möglichst,0
699,quam celerrime,,möglichst schnell,0
700,quamquam,,obwohl,0
701,quantus,"-a, -um",wie groß,0
702,quasi,,gleichsam (als); wie,0
703,-que,,und,0
704,queror,-eris; queri 3; questus sum,klagen,0
705,qui,quae; quod,"welcher/e/es,der;die;das",0
706,qui,quae; quod (nach Punkt),dieser; diese; dieses,0
707,quia,,weil,0
708,quicumque,quae-; quodcumque,welcher (-e; -es) auch immer,0
709,quid?,,was?,0
710,quidam,quaedam; quoddam (vgl. RP),"ein gewisser, pl.: einige",0
711,quidem,,zwar; freilich,0
712,quidquid,,was auch immer; alles was,0
713,quietus,-a; -um,ruhig,0
714,quis nostrum/vestrum,,wer von uns / euch,0
715,quis?,,wer?,0
716,quisquam,quidquam,irgendjemand;-etwas,0
717,quisque,quidque,jeder; jedes,0
718,quo,,wohin,0
719,quod,,weil,0
720,quomodo,,wie,0
721,quondam,,einst,0
722,quoniam,,weil (ja),0
723,quoque,(nachgestellt),auch,0
724,rapio,-is; -ere M; rapui; raptum,rauben,0
725,ratio,-onis f.,Vernunft,0
726,recipio,-is; -ere M; -cepi; receptus,aufnehmen,0
727,rectus,-a; -um,richtig; gerade,0
728,reddo,-is; -ere 3; reddidi; reditum,zurückgeben,0
729,redeo,-is; -ire; redii; reditum," zurückkehren",0
730,reditus,-us m.,Rückkehr,0
731,refero,-fers; -ferre; rettuli; -latum,berichten,0
732,regina,-ae f.,Königin,0
733,regius,-a; -um,königlich,0
734,regno,-as; -are;- avi; -atum 1,herrschen; regieren,0
735,regnum,-i m.,(König)Reich; Herrschaft,0
736,rego,3 rexi; rectum,regieren; lenken; leiten,0
737,religio,-onis f.,Religion,0
738,relinquo,-is; -ere 3; reliqui; relictum,verlassen; zurücklassen,0
739,reliquus,-a; -um,übrig,0
740,repente,,plötzlich,0
741,res,rei f,Sache,0
742,res publica,rei publicae f,Staat (wörtl.: öffentliche Sache),0
743,resisto,-is; -ere 3; restiti; -,sich widersetzen,0
744,respondeo,-es; -ere; -di; -sum 1,antworten,0
745,revertor,3 reverti; reversum,zurückkehren,0
746,rex,regis m,König,0
747,rideo,-es; -ere 2; risi; risum,lachen,0
748,rogo,-as; -are; -avi; -atum 1,bitten; fragen,0
749,Roma,Romae f,Rom,0
750,Romani,-orum; m; Pl.,die Römer,0
751,Romanus,-a; -um,römisch,0
752,sacer,-cra; -crum,heilig; geweiht,0
753,saepe,,oft,0
754,salus,-utis; f,Heil; Rettung; Gruß,0
755,saluto,1; -avi; -atum,(be)grüßen,0
756,salve!/salvete!,,sei/seid gegrüßt!,0
757,sanctus,-a; -um,heilig,0
758,sanus,-a; -um,vernünftig,0
759,sapiens,(mfn) sapientis (2.F),weise; klug,0
760,satis,,genug,0
761,saxum,-i n.,Fels,0
762,scelus,-eris n.,Verbrechen,0
763,scientia,-ae f.,Wissen,0
764,scio,scis; scire; scivi; scitum 4,wissen,0
765,scribo,-is; -ere 3; scripsi; scriptum,schreiben,0
766,"se ",(im ut-Satz),ihn; sie,0
767,se conferre,,sich begeben,0
768,se recipere,,sich zurückziehen,0
769,secum,,mit sich; bei sich,0
770,sed,,aber; sondern,0
771,sedeo,-es; -ere 2; sedi; sessum,sitzen,0
772,sedes,-is f.,Sitz; Wohnsitz,0
773,semper,,immer,0
774,senator,-oris m.,Senator,0
775,senatus,senatus m,Senat,0
776,senex,senis m,Greis,0
777,sententia,-ae f.,"Meinung, Satz",0
778,sentio,4 sensi; sensum,fühlen,0
779,sequor,3; secutus sum (+Akk),folgen,0
780,sermo,-onis m.,Gespräch; Rede,0
781,serva,-ae f.,Sklavin,0
782,servio,-is; -ire; servivi; servitum 4,dienen,0
783,servitus,-utis f.,Sklaverei,0
784,servo,-as; -are; -avi; -atum 1,retten; bewahren,0
785,servus,-i m.,Sklave,0
786,sex,,sechs,0
787,"si ",,wenn,0
788,si quis/si quid,,wenn jemand/wenn etwas,0
789,sic,,so,0
790,signum,-i n.,Zeichen,0
791,silva,-ae f.,Wald,0
792,similis,-e,ähnlich,0
793,sine,6,ohne,0
794,singuli,-ae; -a (Pl.),einzelne; je ein,0
795,sitis,-is f (i- Deklination),Durst,0
796,situs,-a; -um,gelegen,0
797,sive - sive,(= seu - seu),sei es (dass) ... sei es (dass),0
798,socius,socii m,Gefährte,0
799,sol,solis m.,Sonne,0
800,soleo,-es; -ere 2; solitus sum,gewohnt sein ; pflegen,0
801,soleo,2 solitus sum,gewohnt sein; pflegen,0
802,solum,,nur,0
803,solus,-a; -um,allein,0
804,solvo,-is; -ere 3; solvi; solutum,lösen; auflösen,0
805,spectaculum,-i; n,Schauspiel,0
806,specto,-as; -are; -avi; -atum 1,anschauen; betrachten,0
807,spero,-as; -are; -avi; -atum 1,(er)hoffen,0
808,spes,spei f,Hoffnung,0
809,sponte mea (tua/sua),,freiwillig,0
810,statim,,sofort; sogleich,0
811,statua,-ae; f,Statue,0
812,statuo,,beschließen; aufstellen,0
813,sto 1,-as; -are; 1 steti; statum,stehen,0
814,studeo,-es; studere 2; studui (+3),,0
815,studium,-i n.,Eifer; Begeisterung,0
816,sub,+ 4 (auf Frage: wohin?),unter,0
817,sub,+ 6 (auf Frage: wo?),unter,0
818,subito,,plötzlich,0
819,sum,es; esse; (siehe L.6 S.32),sein,0
820,summo in monte,,aufder Spitze des Berges,0
821,summus," -a; -um","der höchste, sehr hoch",0
822,sumo,-is; -ere 3; sumpsi; sumptum,nehmen,0
823,superbia,-ae f.,Stolz,0
824,supero,-as; -are; -avi; -atum 1,besiegen; übertreffen,0
825,supra, ,über; oberhalb,0
826,suus,-a; -um,sein; ihr,0
827,taceo,-es; -ere; -ui; -itum 2,schweigen,0
828,talis,/e,so (beschaffen); solch,0
829,tam,,so,0
830,tamen,,dennoch,0
831,tamen,,dennoch,0
832,tandem,,endlich; schließlich,0
833,tango,-is; -ere 3; tetigi; tactum,berühren,0
834,tantus,-a; -um,so groß,0
835,taurus,"tauri m ",Stier,0
836,tego,-is; ere 3; texi; tectum,bedecken,0
837,templum,-i; n,Tempel,0
838,tempus,temporis n,Zeit,0
839,terra,-ae; f,Erde; Land,0
840,terreo,-es; -ere; -ui; -itum 2,erschrecken,0
841,timeo,-es; -ere; timui; - 2,fürchten,0
842,timeo; ne ...,,ich fürchte; dass ...,0
843,timor,timoris m.,Furcht; Angst,0
844,tolero,-as; -are; -avi; -atum 1,ertragen,0
845,tollo,-is -ere 3; sustuli; sublatum,aufheben,0
846,totus,"-a; -um (2.: totius, 3.: toti)",ganz,0
847,trado,-is; -ere 3; -didi; traditum,"ausliefern, überliefern",0
848,traduco,-is; -ere 3;traduxi; ductum,hinüberführen,0
849,traho,-is; -ere 3; traxi; tractum,ziehen,0
850,trans,4,jenseits von; über,0
851,transeo,-is; -ire; -ii; -itum,hinübergehen; überqueren,0
852,tres,(m) tres (f); tria (n),drei,0
853,Troia,-ae f.,Troja,0
854,Troiani,-orum m.,die Trojaner,0
855,Troianus,-a; -um,trojanisch,0
856,tum,,dann; damals,0
857,turpis,/e,schändlich,0
858,tutus,-a; -um,sicher,0
859,tuus,-a; -um,dein,0
860,ubi,(+Perfekt),sobald,0
861,ubique,,überall,0
862,Ulixes,-is m.,Odysseus,0
863,ullus,"-a; -um (2.: ullius, 3: ulli)",irgendein(e),0
864,ultimus,-a; -um,der; die; das letzte,0
865,umquam,,jemals,0
866,unde,,woher,0
867,universi,-ae ;-a,alle (zusammen),0
868,unus,-a; -um,eins,0
869,urbs,urbis f,Stadt,0
870,usque ad,(Präp. + Akk.),"bis zu ",0
871,usui esse,Dativus finalis!,nützlich sein,0
872,usus,-us m.,"Nutzen,Gebrauch",0
873,ut,,wie,0
874,ut,(+Konj.),dass; damit; sodss,0
875,uterque,utraque;utrumque,jeder; jede; jedes von beiden,0
876,utinam,,wenn doch,0
877,utor,3 usus sum +Abl.,gebrauchen;benützen,0
878,uxor,"uxoris f ",Gattin,0
879,vacuus,-a; -um,"leer, frei",0
880,vado,-is; -ere,gehen,0
881,valde,,sehr,0
882,varius," -a; -um",verschieden,0
883,vasto,-as; -are; -avi; -atum 1,verwüsten,0
884,vel,,oder,0
885,venio,-is; -ire 4; veni; ventum,kommen,0
886,Venus,-eris f.,Venus,0
887,verbum,-i; n,Wort,0
888,vereor,-eris; vereri; veritus sum 2,fürchten,0
889,veritas,-atis f.,Wahrheit,0
890,vero,,aber,0
891,verto,-is; -ere 3; verti; versum,wenden,0
892,verus,-a; -um,wahr; echt,0
893,vester,-tra; -trum,euer; eure,0
894,vestis,-is f.,Gewand,0
895,veto,1 vetui; vetitum (+Akk.),verbieten,0
896,via,-ae; f,Straße,0
897,victor,-oris m.,Sieger,0
898,victoria,-ae f.,Sieg,0
899,video,-es; -ere 2; vidi; visum,sehen,0
900,videor,(+Inf),scheinen,0
901,vinco,-is; vincere 3; vici; victum,siegen; besiegen,0
902,vinum,-i n.,Wein,0
903,vir,-i; m,Mann,0
904,virgo,virginis f,Mädchen;Jungfrau,0
905,virtus,virtutis f,Tapferkeit; Tugend,0
906,vis,-is f (i-Deklination),Kraft; Gewalt,0
907,visito,"1 -avi ;-atum      ",besuchen,0
908,vita,-ae; f,Leben,0
909,vitium,-i n.,Laster; Fehler,0
910,vivo,-is; -ere 3 vixi; -,leben,0
911,vix,,kaum,0
912,vobis invitis,,gegen euren Willen,0
913,voco,-as; -are; -avi; -atum 1,rufen,0
914,volo,vis; velle; volui; -,wollen,0
915,voluntas,-atis f.,Wille; Wunsch,0
916,voluptas,-atis f.,Vergnügen; Lust,0
917,vox,vocis f,Stimme,0
918,vulnus,-eris n.,Wunde,0
919,vultus,-us m.,Gesicht; Miene,0